EOD,DI,TPR_female,TPR_male,FNR_female,FNR_male,pos_rate_female,pos_rate_male,equalised_odds_TPR_diff,equalised_odds_FPR_diff,predictive_parity_diff,FNR_parity_diff
-0.022590490944081276,1.018030802263898,0.6929878048780488,0.6703973139339675,0.3070121951219512,0.32960268606603244,0.45495563242592874,0.44689770821688096,-0.022590490944081276,0.0006856285981207133,-0.0021866972643026505,-0.02259049094408122
