bin,fn_rate,n_patients
<120,0.1862673484295106,1369
120-129,0.25854782942758353,2603
130-139,0.08853575482406356,881
140-149,0.0010559662090813093,947
150-159,0.0,410
160+,0.0,439
