bin,fn_rate,n_patients
<120,0.2222222222222222,486
120-129,0.2696912413358538,1587
130-139,0.1075050709939148,493
140-149,0.0,507
150-159,0.0,241
160+,0.0,264
