bin,fn_rate_flagged,fn_rate_unflagged,n_flagged
<120,0.11678832116788321,0.1939935064935065,137
120-129,0.14942528735632185,0.2707087959009394,261
130-139,0.0898876404494382,0.08838383838383838,89
140-149,0.0,0.0011737089201877935,95
150-159,0.0,0.0,41
160+,0.0,0.0,44
